temperature,energy1,energy2,energy3,energy4,energy5,energy6,energy7,energy8,energy9,energy10,                capacity1,capacity2,capacity3,capacity4,capacity5,capacity6,capacity7,capacity8,capacity9,capacity10,                real1,imag1,abs1,real2,imag2,abs2,real3,imag3,abs3,real4,imag4,abs4,real5,imag5,abs5,real6,imag6,abs6,real7,imag7,abs7,real8,imag8,abs8,real9,imag9,abs9,real10,imag10,abs10,                Oldreal1,Oldimag1,Oldabs1,Oldreal2,Oldimag2,Oldabs2,Oldreal3,Oldimag3,Oldabs3,Oldreal4,Oldimag4,Oldabs4,Oldreal5,Oldimag5,Oldabs5,Oldreal6,Oldimag6,Oldabs6,Oldreal7,Oldimag7,Oldabs7,Oldreal8,Oldimag8,Oldabs8,Oldreal9,Oldimag9,Oldabs9,Oldreal10,Oldimag10,Oldabs10,                binder_ratio1,binder_ratio2,binder_ratio3,binder_ratio4,binder_ratio5,binder_ratio6,binder_ratio7,binder_ratio8,binder_ratio9,binder_ratio10,                gsop,accept_ratio,avg_length,sizeOfSample,shuffle_timestep,mcstp,loop_timestep,mid_term,J,k_B,,,,average_capacity
0.2,-0.33333138,-0.333325521,-0.33333138,-0.333333333,-0.33333138,-0.33333138,-0.333329427,-0.33333138,-0.33333138,-0.333333333,0.000146338,0.000583594,0.000146338,0,0.000146338,0.000146338,0.000292383,0.000146338,0.000146338,0,-0.499994141,-0.866022021,0.999994141,-0.499988281,-0.866005106,0.999976562,-0.5,-0.866018638,0.999994141,-0.5,-0.866025404,1,-0.5,-0.866018638,0.999994141,-0.5,-0.866018638,0.999994141,-0.5,-0.866011872,0.999988281,-0.499994141,-0.866022021,0.999994141,-0.499994141,-0.866022021,0.999994141,-0.5,-0.866025404,1,-0.333332031,0.577348014,0.666664063,-0.333317708,0.577332227,0.666643229,-0.333326823,0.577343503,0.666657552,-0.333333333,0.577350269,0.666666667,-0.333326823,0.577343503,0.666657552,-0.333326823,0.577343503,0.666657552,-0.333320312,0.577336738,0.666648438,-0.333332031,0.577348014,0.666664063,-0.333332031,0.577348014,0.666664063,-0.333333333,0.577350269,0.666666667,0.666666621,0.666666486,0.666666621,0.666666667,0.666666621,0.666666621,0.666666576,0.666666621,0.666666621,0.666666667, (-0.5-0.8660254037844284j),0.067302474,6.117889844,48,100,1536,10000,1,-1,1,05-23_01_12
0.3,-0.33324349,-0.333247396,-0.333229818,-0.333264974,-0.333272786,-0.333249349,-0.333272786,-0.333257813,-0.333239583,-0.333280599,0.00298724,0.002998958,0.00352806,0.00245931,0.002085872,0.00280931,0.001955664,0.002752778,0.003235417,5.37E-14,-0.499841797,-0.865805515,0.999730469,-0.499894531,-0.8657886,0.999742188,-0.499800781,-0.865781834,0.999689454,-0.499917969,-0.865835961,0.999794922,-0.499894531,-0.865876556,0.99981836,-0.499853516,-0.865819046,0.999748047,-0.499894531,-0.865876556,0.99981836,-0.499888672,-0.865825812,0.999771484,-0.499847656,-0.8657886,0.99971875,-0.499929688,-0.865883321,0.999841797,-0.333174479,0.577160826,0.666423178,-0.333140625,0.577133763,0.666382815,-0.333165365,0.577145039,0.666404949,-0.333178385,0.577176613,0.666438804,-0.33322526,0.577221719,0.666501303,-0.333183594,0.577172103,0.666437501,-0.33322526,0.577221719,0.666501303,-0.333179687,0.577174358,0.666437502,-0.33315625,0.577142784,0.666398439,-0.333220052,0.577221719,0.666498699,0.666664581,0.666664574,0.666664204,0.666664951,0.666665212,0.666664706,0.666665301,0.666664693,0.666664409,0.666665292, (-0.5-0.8660254037844284j),0.067507161,6.118671875,48,100,1536,10000,1,-1,1,05-23_01_53
0.4,-0.33264388,-0.332602865,-0.332509115,-0.332593099,-0.332565104,-0.332546875,-0.332607422,-0.332560547,-0.332620443,-0.33253125,0.013149084,0.014124007,0.017835465,0.014869104,0.015143229,0.013975977,0.015306702,0.015494918,0.013614807,4.55E-13,-0.498962891,-0.86420878,0.997908203,-0.498857422,-0.864107293,0.997767579,-0.498681641,-0.863850192,0.997457033,-0.498880859,-0.864093761,0.997767578,-0.498769531,-0.86402272,0.997650393,-0.498839844,-0.863921233,0.997597657,-0.498828125,-0.864151271,0.997791019,-0.498751953,-0.864005805,0.997626956,-0.498916016,-0.864154654,0.997837891,-0.498705078,-0.863904318,0.997515627,-0.331938802,0.575742258,0.664576946,-0.331877604,0.575654303,0.66447018,-0.331700521,0.575451328,0.664205892,-0.331851563,0.575640771,0.664445451,-0.331835938,0.575613708,0.664414201,-0.331714844,0.575498689,0.664254077,-0.331929688,0.57571294,0.664546994,-0.331825521,0.575595666,0.664393367,-0.331902344,0.575697153,0.664519659,-0.331747396,0.575500944,0.664272287,0.666649552,0.666647727,0.6666415,0.666647805,0.666646247,0.666647805,0.666646763,0.666645416,0.66664903,0.666641902, (-0.5-0.8660254037844284j),0.069185807,6.125301042,48,100,1536,10000,1,-1,1,05-23_02_35
0.5,-0.32996875,-0.329998698,-0.330089844,-0.330158203,-0.329986979,-0.330007813,-0.329915365,-0.330047526,-0.330076172,-0.330027344,0.040796292,0.043539365,0.041921031,0.039692372,0.0445375,0.044094625,0.045884115,0.04228331,0.046414039,1.18E-12,-0.494580078,-0.856921988,0.98940626,-0.494556641,-0.857009944,0.989470725,-0.494708984,-0.857233216,0.989740252,-0.494890625,-0.857432808,0.990003915,-0.494638672,-0.856881393,0.989400393,-0.494662109,-0.856962583,0.989482426,-0.494316406,-0.856769757,0.989142622,-0.494480469,-0.85712158,0.989529351,-0.494603516,-0.857267045,0.989716841,-0.494908203,-0.856874628,0.989529311,-0.326559896,0.569510935,0.656493771,-0.326647135,0.56958987,0.656605643,-0.326795573,0.569720676,0.656792962,-0.326911458,0.56987629,0.656985606,-0.326522135,0.569481616,0.656449554,-0.326579427,0.569526722,0.656517181,-0.326532552,0.569463574,0.656439083,-0.326790365,0.56967106,0.656747332,-0.326861979,0.569808631,0.656902298,-0.326429688,0.56947034,0.656393791,0.666566927,0.666560815,0.666563909,0.666569416,0.666553968,0.666559017,0.666552919,0.666556221,0.666554769,0.666556915, (-0.5-0.8660254037844284j),0.076461068,6.14957474,48,100,1536,10000,1,-1,1,05-23_03_18
0.6,-0.324348958,-0.324333984,-0.324397786,-0.324196615,-0.323938151,-0.32427474,-0.324341146,-0.324251302,-0.324145833,-0.324152995,0.078002025,0.086320296,0.082066289,0.083374646,0.085711876,0.077525687,0.081236719,0.089886249,0.088160909,2.34E-12,-0.484648438,-0.840301743,0.970046972,-0.484712891,-0.840345721,0.97011727,-0.484625,-0.840254382,0.969994236,-0.4848125,-0.839564268,0.969490237,-0.483037109,-0.839134638,0.968231269,-0.484044922,-0.840196873,0.969654718,-0.484484375,-0.840105534,0.969795039,-0.483564453,-0.840203639,0.969420824,-0.483576172,-0.840014195,0.969262484,-0.484103516,-0.839716499,0.969267772,-0.314727865,0.555796611,0.638720206,-0.314716146,0.555848482,0.638759569,-0.314735677,0.555765037,0.638696581,-0.314027344,0.555151602,0.637813824,-0.314263021,0.554883225,0.637696354,-0.314859375,0.555713166,0.638712415,-0.314609375,0.555600402,0.638491085,-0.31503776,0.555783079,0.638861191,-0.314768229,0.555483128,0.638467339,-0.314376302,0.555264366,0.638083831,0.666316361,0.666283932,0.666282875,0.666281842,0.666241729,0.666291288,0.666276069,0.666247215,0.666262979,0.666271344, (-0.5-0.8660254037844284j),0.093360547,6.204576302,48,100,1536,10000,1,-1,1,05-23_04_01
1.0, -0.255787109375, -0.2551953125, -0.25517968750000003, -0.25493359374999996, -0.256080078125, -0.25473437499999996, -0.25560351562500006, -0.25533203125000004, -0.2571634114583333, -0.25479817708333335, 0.18707726497395546, 0.1739424479166587, 0.16226957291667077, 0.1766574973958465, 0.18143624934896252, 0.1669427187500029, 0.1620172858072806, 0.17663144531250433, 0.17118293684897407, 5.255405664911494e-12, -0.044052734375, -0.3414136008833458, 0.3442439400687351, -0.058900390625, -0.40574305040820835, 0.40999594994382016, 0.015900390625, -0.2797837149218424, 0.2802351683095724, -0.001912109375, -0.33531082811605245, 0.33531627997181235, -0.166525390625, -0.4454990291006873, 0.4756049733260407, 0.00560546875, -0.33285821710924096, 0.33290541295847054, -0.020673828125, -0.3780370033105734, 0.3786018793421138, -0.0963828125, -0.44099637358335514, 0.45140607889026074, -0.16715820312500002, -0.47064759492777125, 0.49945072177670763, 0.05512890625, -0.27081561591624664, 0.27636985025218885, -0.1410481770833333, 0.15174614399384365, 0.20717499963927039, -0.16282552083333332, 0.1905977576162252, 0.2506783904587302, -0.13289453125, 0.1010250207357394, 0.16693415243985815, -0.15104557291666668, 0.13568858963200717, 0.20304225780375698, -0.1452864583333333, 0.2496994808755351, 0.28889095819107097, -0.15251822916666666, 0.12904680626183743, 0.19978710777854525, -0.1650078125, 0.16288945524410123, 0.23186322005819554, -0.16504036458333332, 0.22173182193717356, 0.27641150989309043, -0.15622135416666666, 0.2601955283474433, 0.30349106159765604, -0.14460677083333331, 0.08093278031304262, 0.16571431169347867, 0.6086660819408005, 0.6135344883303231, 0.6122882050510736, 0.6054656893299262, 0.6145503767328699, 0.6095923924239685, 0.6163610661284771, 0.6129155975211751, 0.6269321149149139, 0.6016970036078757, (-0.5-0.8660254037844284j), 0.31672545572916666, 6.973669401041667, 48, 100, 1536, 10000, 1, -1, 1,05-23_03_31
1.05, -0.24933984375, -0.24848697916666665, -0.24748763020833334, -0.2484830729166667, -0.247771484375, -0.24837174479166668, -0.24796549479166666, -0.24814257812499999, -0.2477578125, -0.24820963541666669, 0.12990351237718353, 0.14508752834468464, 0.1410650031887661, 0.1419460388321897, 0.12462683708901792, 0.14525581006707142, 0.14828714037698054, 0.14436731800360342, 0.14392766439910457, 3.871027392432319e-12, -0.13291015625, -0.3953202993571938, 0.417065041352378, -0.04098828125, -0.3585615804606248, 0.3608967250921657, 0.0035078125, -0.3140086329299958, 0.3140282253287115, -0.014978515625000001, -0.3530508172466996, 0.3533684132585861, 0.047875, -0.26934743222389373, 0.2735691043787749, -0.015669921875, -0.3514879120258074, 0.35183703436652364, -0.045400390625, -0.3410211831222564, 0.3440300027715695, 0.0437265625, -0.30015899229291193, 0.3033272703242535, 0.044330078125, -0.28594061427687284, 0.2893565114518835, -0.082080078125, -0.3777596045484243, 0.38657400074706005, -0.12589843750000002, 0.214593878179419, 0.24879901349688816, -0.1418671875, 0.16500490271480384, 0.21760725357644223, -0.13743229166666668, 0.12719748118083943, 0.18726140555785042, -0.14722526041666667, 0.1522558360283626, 0.2117949879233476, -0.13484375, 0.08992681497526227, 0.16207920583979166, -0.14723307291666665, 0.15367665895644644, 0.21282408996281513, -0.1327356770833333, 0.15806091256310514, 0.20640254855755175, -0.1472513020833333, 0.1048634979160548, 0.18077416618650882, -0.1409401041666667, 0.09958390033725434, 0.17257191593330318, -0.13589973958333332, 0.18897170470964034, 0.23276392418002692, 0.6146416722052026, 0.6061572335190293, 0.6004354116759659, 0.6093485404387642, 0.6039425029090442, 0.6079077228849564, 0.6034975441636605, 0.6036137187284132, 0.5982422480158682, 0.6095558983773375, (-0.5-0.8660254037844284j), 0.3468240885416667, 7.061748046875, 48, 100, 1536, 10000, 1, -1, 1,05-23_03_31
1.1, -0.241759765625, -0.24159114583333335, -0.24179361979166664, -0.2422734375, -0.242599609375, -0.24165299479166663, -0.2408372395833333, -0.2414576822916667, -0.24144270833333334, -0.24170638020833335, 0.12310355920711669, 0.11641106232782324, 0.12687939856663652, 0.13830308195591515, 0.12564260018509288, 0.13290878906252004, 0.12743012009298219, 0.12442770693439638, 0.11940064566115835, 3.3376448194132e-12, -0.06284375, -0.31935363346897816, 0.32547823294945694, 0.026283203125, -0.3312242707419455, 0.3322654425230581, 0.030197265625, -0.2947361847840589, 0.2962790803824828, -0.05430078125, -0.27496983152502585, 0.2802801867654249, 0.0060390625, -0.3071819170517266, 0.30724127398423007, 0.040650390625, -0.26771348585659765, 0.27078213524428785, 0.134013671875, -0.21956788606495672, 0.25723475822768194, 0.024150390625, -0.2554538137342742, 0.25659285321053926, 0.05777734375, -0.2929195611831519, 0.2985633781536776, 0.063865234375, -0.2762519550720349, 0.28353819997117724, -0.11083203125, 0.15731667198172788, 0.19243771572747256, -0.14611848958333332, 0.13332055141853408, 0.19780036003166596, -0.13448046875, 0.1135372836008333, 0.17599917966478076, -0.09669661458333333, 0.13083523893163188, 0.16269018107487282, -0.13075130208333333, 0.12432200620733638, 0.18042135190687403, -0.1273359375, 0.09463131755936209, 0.15864906946473004, -0.14061979166666666, 0.03976499979043547, 0.14613411996077463, -0.11448828125, 0.09533721847442599, 0.14898574351265806, -0.14200911458333335, 0.1029645567962983, 0.17540891819118104, -0.1369505208333333, 0.0911446631993341, 0.16450773473074545, 0.592944476819024, 0.6096187287975043, 0.6064162561746013, 0.5900213821110138, 0.6086551802227417, 0.5979329931113542, 0.6012120313643168, 0.5938500709745586, 0.6025155726493452, 0.6109791852863408, (-0.5-0.8660254037844284j), 0.37356139322916665, 7.147769401041667, 48, 100, 1536, 10000, 1, -1, 1,05-23_03_31
1.15, -0.23652734375, -0.23616080729166666, -0.2362037760416667, -0.2365930989583333, -0.235966796875, -0.23570377604166665, -0.235830078125, -0.2355, -0.23690299479166665, -0.2366634114583333, 0.1106570790012706, 0.11208006015675348, 0.10889774289145485, 0.104575924996065, 0.10173527833569931, 0.10608721201559682, 0.11610338640122975, 0.10698646030245723, 0.11173564065454503, 3.0079048922677803e-12, 0.0055234375, -0.27045026144902606, 0.27050665847565186, -0.010267578125, -0.23290332411854364, 0.23312953812423765, -0.013068359375, -0.26167160550050805, 0.2619977311771376, 0.0068710937500000005, -0.2832309019783136, 0.2833142350196516, 0.011986328125000001, -0.25039974360437633, 0.2506864648501342, 0.054267578125, -0.23411440651914855, 0.24032171224291432, 0.030982421875, -0.26423585259452614, 0.2660460416198607, 0.044470703125000004, -0.2526189337015739, 0.2565033510520907, 0.011898437500000001, -0.31794634218782875, 0.31816890062600606, -0.06440234375000001, -0.29442833981630767, 0.3013896301591684, -0.111140625, 0.1134132435039371, 0.15879169476856766, -0.09141145833333333, 0.10065741099402882, 0.13597047143643937, -0.09953385416666666, 0.11578579226638823, 0.15268705844316496, -0.11722395833333332, 0.1189251343551068, 0.1669869575407471, -0.10420703125, 0.10045669156450586, 0.1447434013764522, -0.11507161458333331, 0.07950970211046975, 0.13986875709932808, -0.11571744791666666, 0.10081302493377133, 0.1534724527354784, -0.11833984375, 0.09069586357601873, 0.14909747914895885, -0.13166796875, 0.13275222224730054, 0.18697488201987897, -0.0941484375, 0.14813544953691946, 0.17552219145508816, 0.5972688508919006, 0.5950311695739208, 0.6028025363298981, 0.603320068096473, 0.6010441407946194, 0.5965215443847963, 0.5974069198672934, 0.5939277142519798, 0.609780417467642, 0.5987381295606313, (-0.5-0.8660254037844284j), 0.4002623697916667, 7.201541015625, 48, 100, 1536, 10000, 1, -1, 1,05-23_03_31
1.2, -0.2315983072916667, -0.23128971354166666, -0.23044596354166663, -0.2312975260416667, -0.2316451822916667, -0.23153776041666668, -0.2318092447916667, -0.23248046874999997, -0.230951171875, -0.23164908854166666, 0.09905995686848292, 0.09763404179324989, 0.08661466245298598, 0.09691861572264712, 0.09825021294486928, 0.09615516312210454, 0.10220247350620854, 0.09535224066841153, 0.0918637509946552, 2.5848388796215743e-12, 0.026382812500000002, -0.2662892800167807, 0.26759303699324016, -0.010724609375000001, -0.21509567675322647, 0.21536287378323782, 0.10663281250000001, -0.24251417635351125, 0.2649220308582925, 0.0593359375, -0.23492968824693014, 0.2423070611823017, 0.03987109375, -0.258420627324583, 0.261478344693499, -0.01051953125, -0.2867017694169188, 0.2868946934408369, 0.026494140625, -0.22092105075837024, 0.22250404525679904, 0.047582031250000004, -0.28124851570246345, 0.2852451178946185, 0.06358984375, -0.23036275740666082, 0.23897838443706468, 0.041095703125, -0.24384366066478952, 0.24728240467478302, -0.11403776041666666, 0.10690226605413065, 0.15630964553845422, -0.07959895833333334, 0.09474859183279122, 0.12374687802950265, -0.13202213541666666, 0.06833256174287683, 0.1486579403675456, -0.11392708333333333, 0.07921426115240787, 0.1387597905978607, -0.11668359375, 0.09883289393241003, 0.15291501552650102, -0.10543880208333332, 0.1288190235384462, 0.1664682606690149, -0.09423307291666666, 0.08411948316603066, 0.12631690100472673, -0.12658854166666667, 0.10555586718418454, 0.16482323858697417, -0.11102864583333333, 0.07828508806293082, 0.13585254951087447, -0.10976302083333332, 0.09120330033604869, 0.14270936456535102, 0.5904909336495541, 0.5842522565791444, 0.6061941219081484, 0.5927353305032113, 0.5901446371455865, 0.6086386926329508, 0.5886526861887607, 0.6025832580421643, 0.5982017637964661, 0.6061123675793116, (-0.5-0.8660254037844284j), 0.42288639322916666, 7.271080859375, 48, 100, 1536, 10000, 1, -1, 1,05-23_03_31
1.3, -0.22433593749999997, -0.22343619791666663, -0.224296875, -0.22358463541666665, -0.22390755208333335, -0.22356835937500003, -0.22433658854166666, -0.22383333333333333, -0.2235006510416667, -0.22484049479166668, 0.0762426035502958, 0.07421597479044315, 0.07238797460552496, 0.0743545534393511, 0.07187881995807978, 0.07650787375184943, 0.06694535834257534, 0.07540416050296268, 0.07636325466900083, 2.1512614090102808e-12, -0.022765625, -0.25623526634472105, 0.2572446022764924, 0.04882421875, -0.20558631187026544, 0.211304368068826, 0.0005078125, -0.2032182736567924, 0.20321890813008056, 0.013591796875000001, -0.20807275199441216, 0.20851620336275886, 0.049498046875, -0.2150483159889572, 0.2206713276665686, 0.01994921875, -0.2179745346384632, 0.21888551592005795, 0.028755859375, -0.24663117993322098, 0.24830190970600205, 0.02921875, -0.24960475934699644, 0.2513091149167386, 0.050189453125, -0.20636099865724455, 0.21237665354695148, 0.007392578125, -0.2680788403238199, 0.26818075031720373, -0.08335677083333332, 0.11926793607743814, 0.1455101089956733, -0.093640625, 0.07459094844991282, 0.11971790275914533, -0.07470442708333332, 0.08792187595452171, 0.11537334049602346, -0.08180729166666666, 0.08674236739676322, 0.11923368345996076, -0.09626822916666666, 0.07779794877330207, 0.12377436237048116, -0.08676171875000001, 0.0897486482906295, 0.12482954662438384, -0.10019921875, 0.1000191683136356, 0.14157583645616126, -0.10143098958333333, 0.10103855238267352, 0.14316785503541127, -0.09385937500000001, 0.0745187796662641, 0.11984419384492452, -0.09998697916666666, 0.11614663618463175, 0.1532561160276504, 0.59169029478505, 0.5895324922495971, 0.586766276695774, 0.5834077548210622, 0.5929315871127898, 0.5904544672161616, 0.6011493970399758, 0.5978211944284619, 0.5927635056610272, 0.6040157838643878, (-0.5-0.8660254037844284j), 0.4633335286458333, 7.359627734375, 48, 100, 1536, 10000, 1, -1, 1,05-23_03_31
1.4, -0.2175885416666667, -0.217552734375, -0.2175885416666667, -0.21720963541666669, -0.2170286458333333, -0.21768033854166668, -0.21696289062500002, -0.217767578125, -0.21719531250000002, -0.2175709635416667, 0.06156307929421527, 0.0616533399101811, 0.05968303039965629, 0.06602626886692123, 0.06268311011904688, 0.06042116782259384, 0.05812539029283724, 0.0668832107647824, 0.0604390731292504, 1.7041331045961938e-12, 0.02489453125, -0.1889626836116846, 0.1905954707853438, 0.03773828125, -0.21706114847040942, 0.22031731672067273, 0.000853515625, -0.22846494392414898, 0.2284665382308461, 0.07519140625, -0.15124998360625905, 0.16890916231734196, 0.030185546875, -0.17291076743607062, 0.17552578367713878, 0.04050390625, -0.20645910309751708, 0.21039469497432672, 0.064919921875, -0.199317776428029, 0.20962388283893096, 0.049410156250000004, -0.20816409061121768, 0.21394777905050724, 0.01384375, -0.16449746595477413, 0.16507896813223838, 0.012291015625, -0.18920963616823247, 0.18960842672204445, -0.07495052083333331, 0.07662971658798867, 0.10718999037943513, -0.08854947916666665, 0.08569592003385702, 0.12322662444105636, -0.08037239583333333, 0.1018887908650348, 0.12977306236630473, -0.08230208333333333, 0.04260664564660316, 0.09267663769398495, -0.07156119791666665, 0.06665914807202251, 0.09779799112945091, -0.08735416666666666, 0.0811673288599009, 0.11924296921948513, -0.09272005208333335, 0.06877008499374711, 0.11543973600274408, -0.09058072916666667, 0.07684171238995674, 0.11878348900156893, -0.06269270833333333, 0.0676537241216812, 0.09223557917474662, -0.06958723958333334, 0.07982544053893281, 0.10589846490890664, 0.5913724075390877, 0.5933157240895235, 0.588102268093319, 0.5840823100192802, 0.58637960682989, 0.5867187769374382, 0.596162206045901, 0.5915384909467463, 0.5777765732936864, 0.5810943680549736, (-0.5-0.8660254037844284j), 0.4989009765625, 7.453050260416667, 48, 100, 1536, 10000, 1, -1, 1,05-23_03_31
1.5, -0.21194661458333336, -0.21226757812500002, -0.21203906250000001, -0.21203776041666667, -0.212171875, -0.211837890625, -0.21196875, -0.21185677083333332, -0.21248046875, -0.21248828125000002, 0.05479210069444418, 0.056590032118054766, 0.05282266666666534, 0.054919531250001694, 0.05440948611110934, 0.05218064554398753, 0.05406682407407583, 0.051952620370373015, 0.04953504050926043, 1.4074176588267754e-12, 0.02142578125, -0.1545584712816543, 0.1560364865891783, 0.0453671875, -0.1722172705306964, 0.17809258819699159, 0.025750000000000002, -0.1607965605182891, 0.16284531425408535, -0.00477734375, -0.20752810320531356, 0.20758308368771514, 0.041037109375, -0.18908785134582534, 0.19348968931815633, 0.00806640625, -0.1920546649361337, 0.19222398714395825, 0.017037109375, -0.1887157310551367, 0.18948321889689967, 0.000109375, -0.171763960358403, 0.17176399518203359, 0.034650390625, -0.17510966006286707, 0.17850502126774462, 0.01828515625, -0.17970703710873842, 0.18063489730804622, -0.059736979166666655, 0.06167273617679494, 0.08586054429999448, -0.07407682291666666, 0.0627575232060145, 0.09708698374334554, -0.06243229166666667, 0.0647263778349307, 0.08992938913604352, -0.06613671875, 0.09560785141310861, 0.11625371744098188, -0.07837760416666666, 0.07334152638299463, 0.10734071141507391, -0.06572786458333331, 0.08403378273544782, 0.10668565425357548, -0.07062239583333332, 0.08015696588881904, 0.10683006118944852, -0.053832031249999995, 0.07677179888079706, 0.09376458122283983, -0.07187239583333332, 0.06845209129079499, 0.09925386685115438, -0.06493619791666666, 0.07572535151789088, 0.09975489292451094, 0.5754878498222178, 0.583929578758936, 0.5836821064243586, 0.5832770670291794, 0.5815579330452054, 0.5675335361206991, 0.5764304656599646, 0.5763726805575977, 0.5816276649957628, 0.5844592131273096, (-0.5-0.8660254037844284j), 0.5305464192708333, 7.522006640625, 48, 100, 1536, 10000, 1, -1, 1,05-23_06_10
1.6, -0.20761197916666665, -0.20716796875, -0.20705598958333332, -0.20797526041666664, -0.2074231770833333, -0.20678059895833334, -0.2082890625, -0.20697135416666668, -0.207322265625, -0.2071321614583333, 0.04013527832031533, 0.04636634826660582, 0.04299330546060723, 0.042127354939780474, 0.0466714467366569, 0.04374205907185698, 0.047999922688801704, 0.04791095377603878, 0.045236508941652126, 1.2458800365069672e-12, 0.005541015625, -0.1449543848701542, 0.14506025143795, 0.0319375, -0.16885465626756463, 0.1718484764246905, 0.0090859375, -0.1657762065900497, 0.1660250129698557, 0.026681640625, -0.17584036899731023, 0.17785315660834325, 0.012402343750000001, -0.165295833123888, 0.1657604614454647, 0.018970703125000002, -0.1590002343877831, 0.1601279554369781, -0.017064453125, -0.16431817163289697, 0.16520186769293352, 0.046931640625, -0.1605969687260107, 0.16731397208762158, 0.029294921875, -0.15446713266484896, 0.1572205060460066, 0.0493515625, -0.15734599055008547, 0.16490402500660495, -0.047787760416666665, 0.06382652331381093, 0.07973390197381026, -0.06522135416666666, 0.06749134435847164, 0.09385577554230516, -0.055216145833333334, 0.07321072046263136, 0.09169859514379423, -0.06769921875, 0.0721981022170605, 0.09897348222178236, -0.057729166666666665, 0.07033299021463933, 0.09099113251608824, -0.05757421875, 0.06594197078451353, 0.08753932930756603, -0.04474739583333333, 0.07800994457527012, 0.08993264638884887, -0.06991145833333333, 0.05987753768353343, 0.09204852809978206, -0.05982682291666667, 0.062094472506242046, 0.08622628518108989, -0.06969140625, 0.056821640750908675, 0.08991991416103479, 0.5643872761691291, 0.5775193542139718, 0.5804092426964567, 0.5741303738943853, 0.5643508534221984, 0.5629763341138772, 0.5724351816809594, 0.5693073360998113, 0.5759676218040739, 0.5717797791961436, (-0.5-0.8660254037844284j), 0.5582313151041667, 7.5890078125, 48, 100, 1536, 10000, 1, -1, 1,05-23_06_10
1.7, -0.20338932291666667, -0.20283463541666663, -0.20310677083333334, -0.2037220052083333, -0.20319466145833337, -0.2031842447916667, -0.20315234374999996, -0.20311328125, -0.20331901041666667, -0.20325000000000001, 0.04067437193627234, 0.03942318248990845, 0.037439900519031254, 0.03968247886930905, 0.04035952615880507, 0.03851209247945375, 0.037463108239621644, 0.03886193321078138, 0.041625936238466686, 1.0468999964561362e-12, 0.01028125, -0.13764391261398948, 0.13802735519182446, 0.026130859375, -0.13748491576251343, 0.1399461463345863, 0.026634765625, -0.15147663869240574, 0.15380046426928728, 0.01987890625, -0.15850971218642085, 0.15975136860483624, 0.003724609375, -0.18006900866422643, 0.18010752509629793, 0.007849609375, -0.1490274105973279, 0.14923399571372686, 0.011001953125, -0.14329675812072307, 0.14371848823472125, 0.027783203125, -0.15477836054433397, 0.15725217730981295, -0.0029140625, -0.15003890120565425, 0.15006719706602767, 0.02552734375, -0.15220396471511538, 0.15432981615336278, -0.04655338541666666, 0.06042105883538774, 0.0762753042900656, -0.05274088541666667, 0.054715214378162146, 0.07599576092771362, -0.05615104166666666, 0.06061726771593264, 0.08262803776925108, -0.05665494791666666, 0.0666365953271323, 0.08746553012605711, -0.055811197916666666, 0.08167476561993084, 0.0989224805186565, -0.04807942708333333, 0.06589235474575506, 0.08156858293854316, -0.04761458333333333, 0.061203639083078375, 0.07754375528060699, -0.05872265625, 0.06351529543432588, 0.08650169426760011, -0.04326302083333333, 0.06902493101100657, 0.08146244578147437, -0.055890625, 0.06261093036422809, 0.08392788907130241, 0.565812987057883, 0.555093573310419, 0.5656518053044373, 0.5626080945689669, 0.567689393435261, 0.5724287749152219, 0.5661975321610853, 0.5702632202324507, 0.5649784542306047, 0.5589760271552078, (-0.5-0.8660254037844284j), 0.5833783854166666, 7.645700260416667, 48, 100, 1536, 10000, 1, -1, 1,05-23_06_10
1.8, -0.20012109375000003, -0.199826171875, -0.19970117187499997, -0.199359375, -0.1999485677083333, -0.19981640625000002, -0.20026106770833332, -0.199369140625, -0.19975325520833337, -0.19934375, 0.034775471804264435, 0.03238942559638792, 0.035373649490421294, 0.03547882587448607, 0.03387754770287129, 0.03532328559027557, 0.031969320465214134, 0.03355750847961723, 0.03343560293691941, 9.907196875207412e-13, 0.033912109375, -0.15974447496916033, 0.16330440424383738, 0.010380859375, -0.1348936053746271, 0.13529244994577175, 0.023142578125, -0.12440657900067492, 0.12654080693959124, 0.0190234375, -0.12240051234268987, 0.12386999877318713, 0.03405859375, -0.14313776126924696, 0.14713397469449221, 0.017224609375, -0.15387850602321412, 0.15483953559752653, 0.040873046875, -0.1506512082294237, 0.1560973814701295, 0.018109375, -0.13633134286137866, 0.13752884973443721, 0.002576171875, -0.12863521866759112, 0.12866101252200887, 0.030244140625000002, -0.1333307001537349, 0.13671789804422077, -0.05869401041666666, 0.06493611836240973, 0.08753105921196579, -0.043738281250000004, 0.05796280964235379, 0.07261352868673883, -0.04591015625, 0.05019564430216211, 0.06802459227227013, -0.043744791666666664, 0.05078427094379684, 0.06702722561208271, -0.05528515625, 0.05760647627308832, 0.0798433128708272, -0.05133333333333333, 0.0659803104508269, 0.08359732339195203, -0.06092317708333333, 0.059776050331527456, 0.08535109664886852, -0.04730078125, 0.05808459446476097, 0.07490783684632799, -0.03838151041666667, 0.05707423149367912, 0.06877941728786865, -0.05166536458333333, 0.05346128176226593, 0.07434661085209696, 0.5720331628065802, 0.5647928833723433, 0.551540016197734, 0.5431939029228411, 0.5681546036934573, 0.5648346183903452, 0.5746685870316868, 0.5573867882664656, 0.5446485929185312, 0.5568469491076702, (-0.5-0.8660254037844284j), 0.6048705729166667, 7.7025889322916665, 48, 100, 1536, 10000, 1, -1, 1,05-23_06_10
1.9, -0.1963515625, -0.19703190104166668, -0.19687565104166665, -0.1966009114583333, -0.19671484374999998, -0.19668815104166665, -0.19650520833333335, -0.197083984375, -0.19702343749999998, -0.19688020833333333, 0.030971329639889234, 0.031272384110976256, 0.028069489951235378, 0.030758843887064784, 0.03161795287973245, 0.030913159157143565, 0.0302959400969533, 0.030329733487707566, 0.02962575311634455, 8.789956465461164e-13, 0.022931640625, -0.10674101392816573, 0.10917648188216646, 0.02271484375, -0.13451810217220497, 0.13642244660831548, 0.020412109375, -0.12609803486744142, 0.1277394559506476, 0.019896484375, -0.13907488427727385, 0.14049090193753377, 0.019111328125, -0.14042804897068709, 0.14172254513807994, 0.0110078125, -0.12953169027697736, 0.12999857969241796, 0.0148984375, -0.13102693726319894, 0.13187123161825584, 0.020078125, -0.13919328618794755, 0.1406339291327505, 0.021935546875, -0.1393861121567589, 0.14110158212749385, 0.01605859375, -0.11958592978039044, 0.12065932634764712, -0.040174479166666666, 0.0420879325141281, 0.05818404282642051, -0.04689973958333333, 0.05704716819981087, 0.07385096460170304, -0.04340364583333333, 0.05244415296771702, 0.06807544088822881, -0.047625, 0.05950316211835579, 0.07621526702100657, -0.047671875, 0.06056314112819612, 0.07707465036787015, -0.04135416666666666, 0.05593080732774499, 0.06955876874289665, -0.04190885416666666, 0.05621046136438371, 0.0701139645460147, -0.04626171875, 0.0595144384908009, 0.07537980505798238, -0.04868098958333333, 0.05964975496014223, 0.07699306471116486, -0.040796875, 0.05054521184796051, 0.0649553958537767, 0.5405777510681868, 0.550985659101104, 0.5522724313233113, 0.5576856561891407, 0.5504419268344215, 0.5476167160049261, 0.5502360250115026, 0.5580861879840209, 0.561270402655272, 0.5479263130588675, (-0.5-0.8660254037844284j), 0.624770703125, 7.748034765625, 48, 100, 1536, 10000, 1, -1, 1,05-23_06_10
2.0, -0.1939127604166667, -0.194359375, -0.19364192708333333, -0.19378255208333334, -0.193916015625, -0.19355859375, -0.19400195312500002, -0.193822265625, -0.19221354166666665, -0.19195052083333336, 0.02658813476562235, 0.027558057291666195, 0.02623203841145501, 0.02617700195312741, 0.025313798014321286, 0.028317442057293363, 0.02848320817057015, 0.02669425113932296, 0.028396223958331746, 7.661706640932433e-13, 0.010099609375, -0.10905492555390231, 0.1095215910087813, 0.016005859375, -0.13021165553541744, 0.13119170237330743, 0.029693359375000002, -0.11760692641627363, 0.12129750505288928, -0.003998046875, -0.13940640962716008, 0.13946372798670717, 0.015337890625, -0.13440646608499834, 0.13527878257244286, 0.027279296875, -0.11917659746063292, 0.12225882962096489, 0.00014062500000000002, -0.11826659420431257, 0.11826667780942426, 0.003337890625, -0.12544174999113597, 0.12548615124651455, 0.01357421875, -0.06552700027853353, 0.06691821261940419, 0.0062089843750000005, -0.0682840733413629, 0.06856577979617545, -0.03472786458333333, 0.04794939091109621, 0.05920446492675576, -0.041208333333333326, 0.05666602681116615, 0.0700654360628328, -0.0452109375, 0.04662103423706227, 0.06494266473561304, -0.035842447916666666, 0.0651481141643778, 0.07435696236287336, -0.04288541666666666, 0.058862664163473556, 0.07282837493103553, -0.04478125, 0.049065751783162095, 0.06642897221551283, -0.03254557291666667, 0.05473776712305237, 0.06368231674563654, -0.03470052083333333, 0.05589923348489868, 0.06579400010870154, -0.026549479166666664, 0.02759553864767289, 0.038293453713088815, -0.02284765625, 0.029406524062357536, 0.03723921392226448, 0.5455652735612709, 0.5567368184230871, 0.5425906576217631, 0.5421492469718773, 0.5564092073698257, 0.5447934785082307, 0.5170673536949388, 0.5431646729429682, 0.3112297457727925, 0.3997745186469104, (-0.5-0.8660254037844284j), 0.6439365885416667, 7.790515625, 48, 100, 1536, 10000, 1, -1, 1,05-23_06_10
2.1, -0.19140104166666666, -0.19129622395833334, -0.19119791666666666, -0.19051171874999998, -0.19087304687499998, -0.19135091145833333, -0.19163476562499998, -0.18980664062500002, -0.18837760416666666, -0.18803124999999998, 0.024738097600149004, 0.025605046384872106, 0.025022085222978316, 0.025289960671771278, 0.022990811454792044, 0.02672899172689705, 0.026968448690239587, 0.025439955209513393, 0.023324253590324445, 6.575735085206363e-13, 0.013703125, -0.11947091078145028, 0.12025420640341392, 0.014494140625, -0.11195069799780649, 0.11288506940536179, 0.019544921875, -0.1358205231896151, 0.1372195995133371, 0.022384765625, -0.10473833018191418, 0.1071036672639264, 0.0085078125, -0.09066203445868351, 0.09106035012958534, -3.7109375e-05, -0.10785737480023161, 0.10785738118415146, 0.004369140625, -0.1225324459002976, 0.12261031640164047, 0.006990234375, -0.0741229789934408, 0.07445185955689419, 0.00674609375, -0.04244201060890454, 0.0429748071014886, 0.00060546875, -0.04479651717544349, 0.04480060873980431, -0.03768880208333333, 0.05156234064250942, 0.0638679949192931, -0.03681510416666667, 0.047329190426615174, 0.059961689112643574, -0.043500000000000004, 0.058840111418583335, 0.07317382531856116, -0.03798046875, 0.04323135668006224, 0.05754534044445726, -0.029282552083333333, 0.04019124666886062, 0.049727297989236544, -0.029674479166666663, 0.049273237036152114, 0.0575189238584465, -0.03381640625, 0.05679006690806236, 0.06609584730591808, -0.025807291666666666, 0.03302623961723781, 0.04191358737239764, -0.01661328125, 0.017606927935794558, 0.02420754066872272, -0.015270833333333332, 0.02124919623556505, 0.02616728284235863, 0.5236980753542961, 0.5222136217630391, 0.5356156417486488, 0.49072528693190176, 0.45420717583306236, 0.5281468352233556, 0.5409112013516252, 0.3425110065664474, 0.36137301959265, 0.41096446367150885, (-0.5-0.8660254037844284j), 0.6621971354166667, 7.818496223958333, 48, 100, 1536, 10000, 1, -1, 1,05-23_06_10
